materia,promedio_2022,promedio_2023,promedio_2024,en_riesgo
Algoritmos,6.81,8.525,8.344444444444443,No
Base de Datos,7.733333333333333,7.65,7.445454545454546,Sí
Calculo,7.985714285714286,8.05,7.7250000000000005,No
Estadistica,7.242857142857143,7.2125,7.584210526315789,No
Fisica,7.044444444444444,7.461538461538462,7.846153846153846,No
Programacion,7.586666666666667,7.175,7.8687499999999995,No
