Semestre,Promedio_General,Total_Alumnos
1,7.870833333333334,24
2,6.9,15
3,8.0,33
4,7.2272727272727275,22
5,7.718181818181819,22
6,7.366666666666666,30
7,7.664285714285714,28
8,7.7807692307692315,26
